ID Household Income Bucket,Household Income Bucket,ID Year,Year,Household Income,Household Income Moe,Geography,ID Geography,Slug Geography,share
0,"< $10,000",2023,"2023",6214601,26414,"United States","01000US","united-states",0.04874852004620386
1,"$10,000-$14,999",2023,"2023",4531954,20357,"United States","01000US","united-states",0.035549514830875505
2,"$15,000-$19,999",2023,"2023",3984613,16995,"United States","01000US","united-states",0.03125606723695769
3,"$20,000-$24,999",2023,"2023",4386074,17832,"United States","01000US","united-states",0.034405204181754155
4,"$25,000-$29,999",2023,"2023",4377379,16375,"United States","01000US","united-states",0.034336998937072837
5,"$30,000-$34,999",2023,"2023",4349182,18674,"United States","01000US","united-states",0.03411581627068077
6,"$35,000-$39,999",2023,"2023",4453830,19351,"United States","01000US","united-states",0.03493669521782398
7,"$40,000-$44,999",2023,"2023",4455770,20690,"United States","01000US","united-states",0.034951912949242235
8,"$45,000-$49,999",2023,"2023",4398710,18047,"United States","01000US","united-states",0.034504323384950596
9,"$50,000-$59,999",2023,"2023",8419282,23409,"United States","01000US","united-states",0.06604245990235628
10,"$60,000-$74,999",2023,"2023",11657731,28742,"United States","01000US","united-states",0.09144547386819397
11,"$75,000-$99,999",2023,"2023",16202717,39481,"United States","01000US","united-states",0.1270972142020812
12,"$100,000-$124,999",2023,"2023",12824682,44195,"United States","01000US","united-states",0.10059926092812552
13,"$125,000-$149,999",2023,"2023",9373595,41366,"United States","01000US","united-states",0.07352827378016645
14,"$150,000-$199,999",2023,"2023",11843136,53030,"United States","01000US","united-states",0.0928998261844837
15,"$200,000+",2023,"2023",16009609,81051,"United States","01000US","united-states",0.12558243807903124
0,"< $10,000",2023,"2023",12172,1012.9999999999999,"St. Louis city, MO","05000US29510","st-louis-city-mo",0.0842644513672551
1,"$10,000-$14,999",2023,"2023",10237,922.0000000000001,"St. Louis city, MO","05000US29510","st-louis-city-mo",0.07086881273797162
2,"$15,000-$19,999",2023,"2023",7054,649,"St. Louis city, MO","05000US29510","st-louis-city-mo",0.04883350640359986
3,"$20,000-$24,999",2023,"2023",5615,665,"St. Louis city, MO","05000US29510","st-louis-city-mo",0.03887158186223607
4,"$25,000-$29,999",2023,"2023",6629,876,"St. Louis city, MO","05000US29510","st-louis-city-mo",0.045891311872620286
5,"$30,000-$34,999",2023,"2023",6455,877,"St. Louis city, MO","05000US29510","st-louis-city-mo",0.04468674281758394
6,"$35,000-$39,999",2023,"2023",6126,597,"St. Louis city, MO","05000US29510","st-louis-city-mo",0.042409138110072686
7,"$40,000-$44,999",2023,"2023",5924,624,"St. Louis city, MO","05000US29510","st-louis-city-mo",0.04101073035652475
8,"$45,000-$49,999",2023,"2023",5999,738,"St. Louis city, MO","05000US29510","st-louis-city-mo",0.04152994115610938
9,"$50,000-$59,999",2023,"2023",10585,832,"St. Louis city, MO","05000US29510","st-louis-city-mo",0.07327795084804431
10,"$60,000-$74,999",2023,"2023",14754,1062,"St. Louis city, MO","05000US29510","st-louis-city-mo",0.10213914849428868
11,"$75,000-$99,999",2023,"2023",16260,1052,"St. Louis city, MO","05000US29510","st-louis-city-mo",0.11256490134994808
12,"$100,000-$124,999",2023,"2023",10770,884.9999999999999,"St. Louis city, MO","05000US29510","st-louis-city-mo",0.07455867082035306
13,"$125,000-$149,999",2023,"2023",8089,775,"St. Louis city, MO","05000US29510","st-louis-city-mo",0.05599861543786777
14,"$150,000-$199,999",2023,"2023",9041,653,"St. Louis city, MO","05000US29510","st-louis-city-mo",0.06258913118726203
15,"$200,000+",2023,"2023",8740,600,"St. Louis city, MO","05000US29510","st-louis-city-mo",0.060505365178262376
0,"< $10,000",2022,"2022",6192080,22306,"United States","01000US","united-states",0.04924653731606165
1,"$10,000-$14,999",2022,"2022",4743710,20611,"United States","01000US","united-states",0.03772743432442326
2,"$15,000-$19,999",2022,"2022",4235151,17229,"United States","01000US","united-states",0.03368278862040797
3,"$20,000-$24,999",2022,"2022",4587937,18658,"United States","01000US","united-states",0.03648854838345757
4,"$25,000-$29,999",2022,"2022",4701374,19434,"United States","01000US","united-states",0.037390729791566324
5,"$30,000-$34,999",2022,"2022",4608052,17944,"United States","01000US","united-states",0.03664852598357136
6,"$35,000-$39,999",2022,"2022",4479480,17112,"United States","01000US","united-states",0.03562597365934417
7,"$40,000-$44,999",2022,"2022",4465681,17575,"United States","01000US","united-states",0.03551622815081967
8,"$45,000-$49,999",2022,"2022",4518761,18906,"United States","01000US","united-states",0.03593838132079431
9,"$50,000-$59,999",2022,"2022",8700174,23712,"United States","01000US","united-states",0.06919378359892465
10,"$60,000-$74,999",2022,"2022",11528244,30460.000000000004,"United States","01000US","united-states",0.09168584681313287
11,"$75,000-$99,999",2022,"2022",16085302,41834,"United States","01000US","united-states",0.127928809896371
12,"$100,000-$124,999",2022,"2022",12442523,43284,"United States","01000US","united-states",0.09895724429036049
13,"$125,000-$149,999",2022,"2022",9024401,41755,"United States","01000US","united-states",0.07177240936835506
14,"$150,000-$199,999",2022,"2022",11075396,50946,"United States","01000US","united-states",0.08808427901515482
15,"$200,000+",2022,"2022",14348087,70248,"United States","01000US","united-states",0.1141124794672548
0,"< $10,000",2022,"2022",13314,1045,"St. Louis city, MO","05000US29510","st-louis-city-mo",0.09306649703968292
1,"$10,000-$14,999",2022,"2022",9792,986,"St. Louis city, MO","05000US29510","st-louis-city-mo",0.06844728398772534
2,"$15,000-$19,999",2022,"2022",7354,819,"St. Louis city, MO","05000US29510","st-louis-city-mo",0.05140536422035664
3,"$20,000-$24,999",2022,"2022",5875,677,"St. Louis city, MO","05000US29510","st-louis-city-mo",0.04106697236804396
4,"$25,000-$29,999",2022,"2022",6729,715,"St. Louis city, MO","05000US29510","st-louis-city-mo",0.04703653737269239
5,"$30,000-$34,999",2022,"2022",7238,669,"St. Louis city, MO","05000US29510","st-louis-city-mo",0.05059450995743015
6,"$35,000-$39,999",2022,"2022",6013,735,"St. Louis city, MO","05000US29510","st-louis-city-mo",0.04203160933600822
7,"$40,000-$44,999",2022,"2022",5748,614,"St. Louis city, MO","05000US29510","st-louis-city-mo",0.04017922675259858
8,"$45,000-$49,999",2022,"2022",6207,714,"St. Louis city, MO","05000US29510","st-louis-city-mo",0.0433876931895232
9,"$50,000-$59,999",2022,"2022",11039,989.0000000000001,"St. Louis city, MO","05000US29510","st-louis-city-mo",0.07716396731418505
10,"$60,000-$74,999",2022,"2022",14182,984.0000000000001,"St. Louis city, MO","05000US29510","st-louis-city-mo",0.09913392376571904
11,"$75,000-$99,999",2022,"2022",15606,1059,"St. Louis city, MO","05000US29510","st-louis-city-mo",0.10908785885543727
12,"$100,000-$124,999",2022,"2022",10830,965.0000000000001,"St. Louis city, MO","05000US29510","st-louis-city-mo",0.07570303161632613
13,"$125,000-$149,999",2022,"2022",7202,707,"St. Louis city, MO","05000US29510","st-louis-city-mo",0.05034286553100469
14,"$150,000-$199,999",2022,"2022",8024,513,"St. Louis city, MO","05000US29510","st-louis-city-mo",0.05608874660105271
15,"$200,000+",2022,"2022",7906,620,"St. Louis city, MO","05000US29510","st-louis-city-mo",0.0552639120922137
0,"< $10,000",2021,"2021",6835028,25393,"United States","01000US","united-states",0.05511630775439648
1,"$10,000-$14,999",2021,"2021",4848344,17701,"United States","01000US","united-states",0.03909608270853926
2,"$15,000-$19,999",2021,"2021",4672903,17092,"United States","01000US","united-states",0.037681361342549374
3,"$20,000-$24,999",2021,"2021",4947418,19661,"United States","01000US","united-states",0.03989499575973072
4,"$25,000-$29,999",2021,"2021",5044233,20052,"United States","01000US","united-states",0.04067569268375823
5,"$30,000-$34,999",2021,"2021",5096729,17836,"United States","01000US","united-states",0.041099009997436355
6,"$35,000-$39,999",2021,"2021",4799326,20297,"United States","01000US","united-states",0.038700811295824485
7,"$40,000-$44,999",2021,"2021",4968184,18951,"United States","01000US","united-states",0.04006244865777705
8,"$45,000-$49,999",2021,"2021",4395258,19365,"United States","01000US","united-states",0.035442487227261274
9,"$50,000-$59,999",2021,"2021",8982113,24548,"United States","01000US","united-states",0.07242997459451014
10,"$60,000-$74,999",2021,"2021",11863218,31009.000000000004,"United States","01000US","united-states",0.09566263287370526
11,"$75,000-$99,999",2021,"2021",15895589,44008,"United States","01000US","united-states",0.12817887143423545
12,"$100,000-$124,999",2021,"2021",11904114,48316,"United States","01000US","united-states",0.09599241009216344
13,"$125,000-$149,999",2021,"2021",8333858,41998,"United States","01000US","united-states",0.06720257507495787
14,"$150,000-$199,999",2021,"2021",9694986,42381,"United States","01000US","united-states",0.07817844082724539
15,"$200,000+",2021,"2021",11729691,59924.00000000001,"United States","01000US","united-states",0.09458589767590925
0,"< $10,000",2021,"2021",14521,1031,"St. Louis city, MO","05000US29510","st-louis-city-mo",0.10286835599067731
1,"$10,000-$14,999",2021,"2021",9496,946.9999999999999,"St. Louis city, MO","05000US29510","st-louis-city-mo",0.06727070508143183
2,"$15,000-$19,999",2021,"2021",7277,709,"St. Louis city, MO","05000US29510","st-louis-city-mo",0.05155106580429439
3,"$20,000-$24,999",2021,"2021",7310,740,"St. Louis city, MO","05000US29510","st-louis-city-mo",0.05178484142220585
4,"$25,000-$29,999",2021,"2021",7764,716,"St. Louis city, MO","05000US29510","st-louis-city-mo",0.05500102719589688
5,"$30,000-$34,999",2021,"2021",7289,562,"St. Louis city, MO","05000US29510","st-louis-city-mo",0.05163607511989855
6,"$35,000-$39,999",2021,"2021",5879,603,"St. Louis city, MO","05000US29510","st-louis-city-mo",0.04164748053640878
7,"$40,000-$44,999",2021,"2021",6581,725,"St. Louis city, MO","05000US29510","st-louis-city-mo",0.04662052549925263
8,"$45,000-$49,999",2021,"2021",5756,605,"St. Louis city, MO","05000US29510","st-louis-city-mo",0.04077613505146606
9,"$50,000-$59,999",2021,"2021",11243,753,"St. Louis city, MO","05000US29510","st-louis-city-mo",0.079646644611472
10,"$60,000-$74,999",2021,"2021",13418,960.9999999999999,"St. Louis city, MO","05000US29510","st-louis-city-mo",0.09505458306472751
11,"$75,000-$99,999",2021,"2021",14803,854,"St. Louis city, MO","05000US29510","st-louis-city-mo",0.10486607490737526
12,"$100,000-$124,999",2021,"2021",9882,771,"St. Louis city, MO","05000US29510","st-louis-city-mo",0.07000517140003258
13,"$125,000-$149,999",2021,"2021",7252,783,"St. Louis city, MO","05000US29510","st-louis-city-mo",0.05137396306345237
14,"$150,000-$199,999",2021,"2021",6418,503,"St. Louis city, MO","05000US29510","st-louis-city-mo",0.04546581562896267
15,"$200,000+",2021,"2021",6272,590,"St. Louis city, MO","05000US29510","st-louis-city-mo",0.04443153562244529
0,"< $10,000",2020,"2020",7145751,24748,"United States","01000US","united-states",0.05840216265856758
1,"$10,000-$14,999",2020,"2020",5020097,17141,"United States","01000US","united-states",0.04102921044349112
2,"$15,000-$19,999",2020,"2020",5030224,16026,"United States","01000US","united-states",0.04111197832908402
3,"$20,000-$24,999",2020,"2020",5329476,20676,"United States","01000US","united-states",0.04355776240131123
4,"$25,000-$29,999",2020,"2020",5187269,18811,"United States","01000US","united-states",0.04239550578962872
5,"$30,000-$34,999",2020,"2020",5382215,20154,"United States","01000US","united-states",0.043988797803531404
6,"$35,000-$39,999",2020,"2020",4960174,20596,"United States","01000US","united-states",0.04053946026985796
7,"$40,000-$44,999",2020,"2020",5128434,16706,"United States","01000US","united-states",0.041914647830819794
8,"$45,000-$49,999",2020,"2020",4601774,18581,"United States","01000US","united-states",0.037610260092461545
9,"$50,000-$59,999",2020,"2020",9122890,26253,"United States","01000US","united-states",0.0745613030311607
10,"$60,000-$74,999",2020,"2020",11911889,32548,"United States","01000US","united-states",0.09735576833684828
11,"$75,000-$99,999",2020,"2020",15613243,47722,"United States","01000US","united-states",0.1276069033630953
12,"$100,000-$124,999",2020,"2020",11455250,46295,"United States","01000US","united-states",0.09362366164096066
13,"$125,000-$149,999",2020,"2020",7673688,38871,"United States","01000US","united-states",0.06271698730715612
14,"$150,000-$199,999",2020,"2020",8688154,41715,"United States","01000US","united-states",0.07100820936955186
15,"$200,000+",2020,"2020",10103691,51548,"United States","01000US","united-states",0.0825773813324737
0,"< $10,000",2020,"2020",15857,855.0000000000001,"St. Louis city, MO","05000US29510","st-louis-city-mo",0.11045094242369363
1,"$10,000-$14,999",2020,"2020",9749,823,"St. Louis city, MO","05000US29510","st-louis-city-mo",0.06790605017901175
2,"$15,000-$19,999",2020,"2020",7493,659,"St. Louis city, MO","05000US29510","st-louis-city-mo",0.052192023180975995
3,"$20,000-$24,999",2020,"2020",7954,769,"St. Louis city, MO","05000US29510","st-louis-city-mo",0.055403089868074615
4,"$25,000-$29,999",2020,"2020",7964,772,"St. Louis city, MO","05000US29510","st-louis-city-mo",0.055472744243065905
5,"$30,000-$34,999",2020,"2020",8102,643,"St. Louis city, MO","05000US29510","st-louis-city-mo",0.056433974617945755
6,"$35,000-$39,999",2020,"2020",6809,575,"St. Louis city, MO","05000US29510","st-louis-city-mo",0.047427663931571544
7,"$40,000-$44,999",2020,"2020",6870,770,"St. Louis city, MO","05000US29510","st-louis-city-mo",0.04785255561901843
8,"$45,000-$49,999",2020,"2020",5738,631,"St. Louis city, MO","05000US29510","st-louis-city-mo",0.03996768037000404
9,"$50,000-$59,999",2020,"2020",11695,1020,"St. Louis city, MO","05000US29510","st-louis-city-mo",0.0814607915523174
10,"$60,000-$74,999",2020,"2020",13169,943,"St. Louis city, MO","05000US29510","st-louis-city-mo",0.09172784642603402
11,"$75,000-$99,999",2020,"2020",14998,799,"St. Louis city, MO","05000US29510","st-louis-city-mo",0.10446763161194154
12,"$100,000-$124,999",2020,"2020",9223,736,"St. Louis city, MO","05000US29510","st-louis-city-mo",0.06424223005446972
13,"$125,000-$149,999",2020,"2020",6333,722,"St. Louis city, MO","05000US29510","st-louis-city-mo",0.04411211568198599
14,"$150,000-$199,999",2020,"2020",5744,486,"St. Louis city, MO","05000US29510","st-louis-city-mo",0.04000947299499882
15,"$200,000+",2020,"2020",5868,444,"St. Louis city, MO","05000US29510","st-louis-city-mo",0.04087318724489085
0,"< $10,000",2019,"2019",7302871,18046,"United States","01000US","united-states",0.06047623386946217
1,"$10,000-$14,999",2019,"2019",5189583,15224,"United States","01000US","united-states",0.04297576051842968
2,"$15,000-$19,999",2019,"2019",5300624,15337,"United States","01000US","united-states",0.04389530866396025
3,"$20,000-$24,999",2019,"2019",5459520,16244,"United States","01000US","united-states",0.04521115166008083
4,"$25,000-$29,999",2019,"2019",5285952,16670,"United States","01000US","united-states",0.043773807503206794
5,"$30,000-$34,999",2019,"2019",5506182,18565,"United States","01000US","united-states",0.04559756708831677
6,"$35,000-$39,999",2019,"2019",5093804,14176,"United States","01000US","united-states",0.04218259941729792
7,"$40,000-$44,999",2019,"2019",5081209,16048.000000000002,"United States","01000US","united-states",0.042078298223207834
8,"$45,000-$49,999",2019,"2019",4647032,14255,"United States","01000US","united-states",0.038482809573231476
9,"$50,000-$59,999",2019,"2019",9090005,22946,"United States","01000US","united-states",0.07527577417902911
10,"$60,000-$74,999",2019,"2019",11699885,30719,"United States","01000US","united-states",0.09688860470160468
11,"$75,000-$99,999",2019,"2019",15374617,51444,"United States","01000US","united-states",0.12731964365047788
12,"$100,000-$124,999",2019,"2019",11019036,49867,"United States","01000US","united-states",0.09125038606761957
13,"$125,000-$149,999",2019,"2019",7267775,40108,"United States","01000US","united-states",0.06018559832299249
14,"$150,000-$199,999",2019,"2019",8173563,49077,"United States","01000US","united-states",0.06768657251850442
15,"$200,000+",2019,"2019",9264390,54033.00000000001,"United States","01000US","united-states",0.07671988404257814
0,"< $10,000",2019,"2019",16386,873,"St. Louis city, MO","05000US29510","st-louis-city-mo",0.11543338593327322
1,"$10,000-$14,999",2019,"2019",10374,669,"St. Louis city, MO","05000US29510","st-louis-city-mo",0.07308104147880974
2,"$15,000-$19,999",2019,"2019",7910,615,"St. Louis city, MO","05000US29510","st-louis-city-mo",0.05572306131650135
3,"$20,000-$24,999",2019,"2019",8579,668,"St. Louis city, MO","05000US29510","st-louis-city-mo",0.06043592200180343
4,"$25,000-$29,999",2019,"2019",7792,621,"St. Louis city, MO","05000US29510","st-louis-city-mo",0.05489179440937782
5,"$30,000-$34,999",2019,"2019",8306,649,"St. Louis city, MO","05000US29510","st-louis-city-mo",0.058512736699729485
6,"$35,000-$39,999",2019,"2019",6712,568,"St. Louis city, MO","05000US29510","st-louis-city-mo",0.047283588818755634
7,"$40,000-$44,999",2019,"2019",6212,542,"St. Louis city, MO","05000US29510","st-louis-city-mo",0.04376127141568981
8,"$45,000-$49,999",2019,"2019",6371,605,"St. Louis city, MO","05000US29510","st-louis-city-mo",0.044881368349864746
9,"$50,000-$59,999",2019,"2019",11229,768,"St. Louis city, MO","05000US29510","st-louis-city-mo",0.0791042042380523
10,"$60,000-$74,999",2019,"2019",11987,717,"St. Louis city, MO","05000US29510","st-louis-city-mo",0.08444403742110008
11,"$75,000-$99,999",2019,"2019",14384,759,"St. Louis city, MO","05000US29510","st-louis-city-mo",0.10133002705139765
12,"$100,000-$124,999",2019,"2019",8782,596,"St. Louis city, MO","05000US29510","st-louis-city-mo",0.061865982867448155
13,"$125,000-$149,999",2019,"2019",5437,463.99999999999994,"St. Louis city, MO","05000US29510","st-louis-city-mo",0.038301679440937784
14,"$150,000-$199,999",2019,"2019",5911,450,"St. Louis city, MO","05000US29510","st-louis-city-mo",0.04164083633904418
15,"$200,000+",2019,"2019",5580,470.99999999999994,"St. Louis city, MO","05000US29510","st-louis-city-mo",0.039309062218214605
0,"< $10,000",2018,"2018",7584305,18464,"United States","01000US","united-states",0.06334500034945256
1,"$10,000-$14,999",2018,"2018",5507051,15243,"United States","01000US","united-states",0.04599553255300955
2,"$15,000-$19,999",2018,"2018",5488289,17043,"United States","01000US","united-states",0.045838830139728906
3,"$20,000-$24,999",2018,"2018",5658672,16600,"United States","01000US","united-states",0.04726188883720228
4,"$25,000-$29,999",2018,"2018",5558387,15816,"United States","01000US","united-states",0.046424296815251044
5,"$30,000-$34,999",2018,"2018",5559047,15601,"United States","01000US","united-states",0.04642980921226444
6,"$35,000-$39,999",2018,"2018",5192595,16659,"United States","01000US","united-states",0.04336915934809658
7,"$40,000-$44,999",2018,"2018",5276041,16523,"United States","01000US","united-states",0.04406611007715618
8,"$45,000-$49,999",2018,"2018",4656185,15063,"United States","01000US","united-states",0.03888900043604731
9,"$50,000-$59,999",2018,"2018",9140757,23730,"United States","01000US","united-states",0.07634466907109629
10,"$60,000-$74,999",2018,"2018",11769465,34020,"United States","01000US","united-states",0.09829994502302712
11,"$75,000-$99,999",2018,"2018",14937330,47276,"United States","01000US","united-states",0.12475832315154628
12,"$100,000-$124,999",2018,"2018",10600942,51888,"United States","01000US","united-states",0.08854030457563697
13,"$125,000-$149,999",2018,"2018",6932183,35577,"United States","01000US","united-states",0.05789840131132241
14,"$150,000-$199,999",2018,"2018",7513313,42617,"United States","01000US","united-states",0.06275206688161229
15,"$200,000+",2018,"2018",8355566,47620,"United States","01000US","united-states",0.06978666221754978
0,"< $10,000",2018,"2018",17793,908.0000000000001,"St. Louis city, MO","05000US29510","st-louis-city-mo",0.1266811434267203
1,"$10,000-$14,999",2018,"2018",10586,646,"St. Louis city, MO","05000US29510","st-louis-city-mo",0.07536933537431918
2,"$15,000-$19,999",2018,"2018",8514,664,"St. Louis city, MO","05000US29510","st-louis-city-mo",0.06061727955572959
3,"$20,000-$24,999",2018,"2018",9189,782,"St. Louis city, MO","05000US29510","st-louis-city-mo",0.06542308924566587
4,"$25,000-$29,999",2018,"2018",7971,638,"St. Louis city, MO","05000US29510","st-louis-city-mo",0.05675127264960308
5,"$30,000-$34,999",2018,"2018",7579,580,"St. Louis city, MO","05000US29510","st-louis-city-mo",0.05396034317041045
6,"$35,000-$39,999",2018,"2018",6968,565,"St. Louis city, MO","05000US29510","st-louis-city-mo",0.049610195436260725
7,"$40,000-$44,999",2018,"2018",6821,520,"St. Louis city, MO","05000US29510","st-louis-city-mo",0.04856359688156349
8,"$45,000-$49,999",2018,"2018",6037,512,"St. Louis city, MO","05000US29510","st-louis-city-mo",0.04298173792317824
9,"$50,000-$59,999",2018,"2018",11084,655,"St. Louis city, MO","05000US29510","st-louis-city-mo",0.07891495496778328
10,"$60,000-$74,999",2018,"2018",11322,681,"St. Louis city, MO","05000US29510","st-louis-city-mo",0.0806094478658645
11,"$75,000-$99,999",2018,"2018",13581,681,"St. Louis city, MO","05000US29510","st-louis-city-mo",0.09669289096151792
12,"$100,000-$124,999",2018,"2018",8139,544,"St. Louis city, MO","05000US29510","st-louis-city-mo",0.05794738528354277
13,"$125,000-$149,999",2018,"2018",5017,423.00000000000006,"St. Louis city, MO","05000US29510","st-louis-city-mo",0.03571962550283009
14,"$150,000-$199,999",2018,"2018",4942,476,"St. Louis city, MO","05000US29510","st-louis-city-mo",0.03518564664839272
15,"$200,000+",2018,"2018",4912,427.99999999999994,"St. Louis city, MO","05000US29510","st-louis-city-mo",0.03497205510661778
0,"< $10,000",2017,"2017",7942251,17662,"United States","01000US","united-states",0.06683938094618261
1,"$10,000-$14,999",2017,"2017",5768114,16409,"United States","01000US","united-states",0.04854255663627467
2,"$15,000-$19,999",2017,"2017",5727180,16801,"United States","01000US","united-states",0.04819806951043956
3,"$20,000-$24,999",2017,"2017",5910725,17864,"United States","01000US","united-states",0.04974272406438996
4,"$25,000-$29,999",2017,"2017",5619002,16113.000000000002,"United States","01000US","united-states",0.04728767892318714
5,"$30,000-$34,999",2017,"2017",5711286,15891,"United States","01000US","united-states",0.04806431081649264
6,"$35,000-$39,999",2017,"2017",5332778,16488,"United States","01000US","united-states",0.044878911563412165
7,"$40,000-$44,999",2017,"2017",5354520,15415.000000000002,"United States","01000US","united-states",0.04506188510838473
8,"$45,000-$49,999",2017,"2017",4725195,16890,"United States","01000US","united-states",0.03976569220111494
9,"$50,000-$59,999",2017,"2017",9181800,20965,"United States","01000US","united-states",0.07727101900602984
10,"$60,000-$74,999",2017,"2017",11818514,30722.999999999996,"United States","01000US","united-states",0.0994607397152007
11,"$75,000-$99,999",2017,"2017",14636046,49159,"United States","01000US","united-states",0.12317216544023252
12,"$100,000-$124,999",2017,"2017",10273788,47842,"United States","01000US","united-states",0.08646083206037174
13,"$125,000-$149,999",2017,"2017",6428069,37952,"United States","01000US","united-states",0.054096521583030695
14,"$150,000-$199,999",2017,"2017",6931136,37236,"United States","01000US","united-states",0.05833016854967192
15,"$200,000+",2017,"2017",7465517,42206,"United States","01000US","united-states",0.06282734387558418
0,"< $10,000",2017,"2017",19475,820,"St. Louis city, MO","05000US29510","st-louis-city-mo",0.13936496804803172
1,"$10,000-$14,999",2017,"2017",10729,744,"St. Louis city, MO","05000US29510","st-louis-city-mo",0.07677775312900294
2,"$15,000-$19,999",2017,"2017",9072,656,"St. Louis city, MO","05000US29510","st-louis-city-mo",0.06492010218904974
3,"$20,000-$24,999",2017,"2017",9027,753,"St. Louis city, MO","05000US29510","st-louis-city-mo",0.0645980778726358
4,"$25,000-$29,999",2017,"2017",8401,636,"St. Louis city, MO","05000US29510","st-louis-city-mo",0.06011836182652192
5,"$30,000-$34,999",2017,"2017",7316,558,"St. Louis city, MO","05000US29510","st-louis-city-mo",0.05235399775298588
6,"$35,000-$39,999",2017,"2017",7581,525,"St. Louis city, MO","05000US29510","st-louis-city-mo",0.05425036317186795
7,"$40,000-$44,999",2017,"2017",6891,521,"St. Louis city, MO","05000US29510","st-louis-city-mo",0.049312656986854254
8,"$45,000-$49,999",2017,"2017",6005,556,"St. Louis city, MO","05000US29510","st-louis-city-mo",0.04297235600145984
9,"$50,000-$59,999",2017,"2017",10295,667,"St. Louis city, MO","05000US29510","st-louis-city-mo",0.07367200749958852
10,"$60,000-$74,999",2017,"2017",11595,685,"St. Louis city, MO","05000US29510","st-louis-city-mo",0.08297493219599116
11,"$75,000-$99,999",2017,"2017",12338,720,"St. Louis city, MO","05000US29510","st-louis-city-mo",0.08829191146478127
12,"$100,000-$124,999",2017,"2017",7839,540,"St. Louis city, MO","05000US29510","st-louis-city-mo",0.056096635919307865
13,"$125,000-$149,999",2017,"2017",4617,392,"St. Louis city, MO","05000US29510","st-louis-city-mo",0.033039694864069956
14,"$150,000-$199,999",2017,"2017",4341,415,"St. Louis city, MO","05000US29510","st-louis-city-mo",0.031064612390064476
15,"$200,000+",2017,"2017",4219,389,"St. Louis city, MO","05000US29510","st-louis-city-mo",0.03019156868778669
0,"< $10,000",2016,"2016",8243664,18695,"United States","01000US","united-states",0.07002996536493092
1,"$10,000-$14,999",2016,"2016",6000362,20040,"United States","01000US","united-states",0.050973104075693484
2,"$15,000-$19,999",2016,"2016",5958713,16103.999999999998,"United States","01000US","united-states",0.050619295620195535
3,"$20,000-$24,999",2016,"2016",6094929,15803,"United States","01000US","united-states",0.051776451195938246
4,"$25,000-$29,999",2016,"2016",5771744,15215.999999999998,"United States","01000US","united-states",0.04903099306512831
5,"$30,000-$34,999",2016,"2016",5856803,14451,"United States","01000US","united-states",0.049753569679601636
6,"$35,000-$39,999",2016,"2016",5404041,15856,"United States","01000US","united-states",0.04590735431000908
7,"$40,000-$44,999",2016,"2016",5408687,15420.000000000002,"United States","01000US","united-states",0.045946822102374885
8,"$45,000-$49,999",2016,"2016",4775997,15270.999999999998,"United States","01000US","united-states",0.04057211750661041
9,"$50,000-$59,999",2016,"2016",9199672,22260,"United States","01000US","united-states",0.0781512579271456
10,"$60,000-$74,999",2016,"2016",11714107,31280.999999999996,"United States","01000US","united-states",0.09951139535661507
11,"$75,000-$99,999",2016,"2016",14361853,53518,"United States","01000US","united-states",0.12200401037284261
12,"$100,000-$124,999",2016,"2016",9856915,44470,"United States","01000US","united-states",0.08373454037610802
13,"$125,000-$149,999",2016,"2016",6028908,33311,"United States","01000US","united-states",0.051215602483113694
14,"$150,000-$199,999",2016,"2016",6369156,36256,"United States","01000US","united-states",0.05410601088106477
15,"$200,000+",2016,"2016",6670686,37386,"United States","01000US","united-states",0.05666750968262772
0,"< $10,000",2016,"2016",21479,936.0000000000001,"St. Louis city, MO","05000US29510","st-louis-city-mo",0.15329441320049103
1,"$10,000-$14,999",2016,"2016",10743,640,"St. Louis city, MO","05000US29510","st-louis-city-mo",0.07667218590310886
2,"$15,000-$19,999",2016,"2016",9836,588,"St. Louis city, MO","05000US29510","st-louis-city-mo",0.0701989779896657
3,"$20,000-$24,999",2016,"2016",8899,612,"St. Louis city, MO","05000US29510","st-louis-city-mo",0.06351166176596534
4,"$25,000-$29,999",2016,"2016",8561,611,"St. Louis city, MO","05000US29510","st-louis-city-mo",0.06109937480373405
5,"$30,000-$34,999",2016,"2016",7925,589,"St. Louis city, MO","05000US29510","st-louis-city-mo",0.05656027862628108
6,"$35,000-$39,999",2016,"2016",6844,639,"St. Louis city, MO","05000US29510","st-louis-city-mo",0.048845242513346085
7,"$40,000-$44,999",2016,"2016",6995,528,"St. Louis city, MO","05000US29510","st-louis-city-mo",0.049922921008307405
8,"$45,000-$49,999",2016,"2016",5995,494,"St. Louis city, MO","05000US29510","st-louis-city-mo",0.04278597733306689
9,"$50,000-$59,999",2016,"2016",10056,585,"St. Louis city, MO","05000US29510","st-louis-city-mo",0.07176910559821861
10,"$60,000-$74,999",2016,"2016",11212,670,"St. Louis city, MO","05000US29510","st-louis-city-mo",0.08001941248679666
11,"$75,000-$99,999",2016,"2016",12153,770,"St. Louis city, MO","05000US29510","st-louis-city-mo",0.08673527648519798
12,"$100,000-$124,999",2016,"2016",7555,568,"St. Louis city, MO","05000US29510","st-louis-city-mo",0.053919609466442094
13,"$125,000-$149,999",2016,"2016",4074,408,"St. Louis city, MO","05000US29510","st-louis-city-mo",0.029075908532929857
14,"$150,000-$199,999",2016,"2016",3894,409,"St. Louis city, MO","05000US29510","st-louis-city-mo",0.027791258671386567
15,"$200,000+",2016,"2016",3895,373,"St. Louis city, MO","05000US29510","st-louis-city-mo",0.027798395615061807
0,"< $10,000",2015,"2015",8421482,18763,"United States","01000US","united-states",0.07202384442063743
1,"$10,000-$14,999",2015,"2015",6161477,15350.000000000002,"United States","01000US","united-states",0.05269538791976707
2,"$15,000-$19,999",2015,"2015",6139644,16066,"United States","01000US","united-states",0.05250866346969572
3,"$20,000-$24,999",2015,"2015",6227524,15413,"United States","01000US","united-states",0.05326024798269303
4,"$25,000-$29,999",2015,"2015",5852048,17935,"United States","01000US","united-states",0.05004902874507152
5,"$30,000-$34,999",2015,"2015",5951926,15584.000000000002,"United States","01000US","united-states",0.05090322489879416
6,"$35,000-$39,999",2015,"2015",5436927,15238,"United States","01000US","united-states",0.04649874978945071
7,"$40,000-$44,999",2015,"2015",5428388,16329,"United States","01000US","united-states",0.04642572088462044
8,"$45,000-$49,999",2015,"2015",4807116,14457,"United States","01000US","united-states",0.041112357052589664
9,"$50,000-$59,999",2015,"2015",9192915,22197,"United States","01000US","united-states",0.07862144450729029
10,"$60,000-$74,999",2015,"2015",11634324,35808,"United States","01000US","united-states",0.09950133975412975
11,"$75,000-$99,999",2015,"2015",14166538,49496,"United States","01000US","united-states",0.12115783527068609
12,"$100,000-$124,999",2015,"2015",9581177,47995,"United States","01000US","united-states",0.08194201467325937
13,"$125,000-$149,999",2015,"2015",5775363,31309.000000000004,"United States","01000US","united-states",0.04939318829924541
14,"$150,000-$199,999",2015,"2015",6010418,32124,"United States","01000US","united-states",0.05140347161402218
15,"$200,000+",2015,"2015",6139038,32967,"United States","01000US","united-states",0.05250348071804715
0,"< $10,000",2015,"2015",21254,878,"St. Louis city, MO","05000US29510","st-louis-city-mo",0.1522983769839848
1,"$10,000-$14,999",2015,"2015",11407,756,"St. Louis city, MO","05000US29510","st-louis-city-mo",0.08173838271649171
2,"$15,000-$19,999",2015,"2015",10245,699,"St. Louis city, MO","05000US29510","st-louis-city-mo",0.07341191644871198
3,"$20,000-$24,999",2015,"2015",9175,620,"St. Louis city, MO","05000US29510","st-louis-city-mo",0.06574468847407831
4,"$25,000-$29,999",2015,"2015",8616,595,"St. Louis city, MO","05000US29510","st-louis-city-mo",0.06173909927985382
5,"$30,000-$34,999",2015,"2015",8211,472,"St. Louis city, MO","05000US29510","st-louis-city-mo",0.058837017663286875
6,"$35,000-$39,999",2015,"2015",7115,524,"St. Louis city, MO","05000US29510","st-louis-city-mo",0.050983483214503245
7,"$40,000-$44,999",2015,"2015",6693,472,"St. Louis city, MO","05000US29510","st-louis-city-mo",0.047959585826376695
8,"$45,000-$49,999",2015,"2015",5506,446.99999999999994,"St. Louis city, MO","05000US29510","st-louis-city-mo",0.03945397871806815
9,"$50,000-$59,999",2015,"2015",10392,638,"St. Louis city, MO","05000US29510","st-louis-city-mo",0.07446526459102146
10,"$60,000-$74,999",2015,"2015",10950,598,"St. Louis city, MO","05000US29510","st-louis-city-mo",0.07846368815162481
11,"$75,000-$99,999",2015,"2015",12356,629,"St. Louis city, MO","05000US29510","st-louis-city-mo",0.08853856902296585
12,"$100,000-$124,999",2015,"2015",7090,512,"St. Louis city, MO","05000US29510","st-louis-city-mo",0.050804342373974416
13,"$125,000-$149,999",2015,"2015",3870,400,"St. Louis city, MO","05000US29510","st-louis-city-mo",0.027731002113861918
14,"$150,000-$199,999",2015,"2015",3501,343,"St. Louis city, MO","05000US29510","st-louis-city-mo",0.02508688330765648
15,"$200,000+",2015,"2015",3174,313,"St. Louis city, MO","05000US29510","st-louis-city-mo",0.022743721113539464
0,"< $10,000",2014,"2014",8395338,16627,"United States","01000US","united-states",0.07224214019088643
1,"$10,000-$14,999",2014,"2014",6189386,15777,"United States","01000US","united-states",0.05325985578037594
2,"$15,000-$19,999",2014,"2014",6225984,18669,"United States","01000US","united-states",0.05357478268941832
3,"$20,000-$24,999",2014,"2014",6176944,17017,"United States","01000US","united-states",0.05315279198994189
4,"$25,000-$29,999",2014,"2014",5936983,15704.000000000002,"United States","01000US","united-states",0.05108792024775053
5,"$30,000-$34,999",2014,"2014",5933726,15136.999999999998,"United States","01000US","united-states",0.05105989366316255
6,"$35,000-$39,999",2014,"2014",5456901,15294,"United States","01000US","united-states",0.04695679995847556
7,"$40,000-$44,999",2014,"2014",5431366,14063,"United States","01000US","united-states",0.0467370705027021
8,"$45,000-$49,999",2014,"2014",4792866,14866,"United States","01000US","united-states",0.041242758479543416
9,"$50,000-$59,999",2014,"2014",9179218,24284,"United States","01000US","united-states",0.07898745155927113
10,"$60,000-$74,999",2014,"2014",11540101,29474.000000000004,"United States","01000US","united-states",0.09930292196204472
11,"$75,000-$99,999",2014,"2014",14125429,47784,"United States","01000US","united-states",0.12154974845258316
12,"$100,000-$124,999",2014,"2014",9410154,45348,"United States","01000US","united-states",0.08097466290050867
13,"$125,000-$149,999",2014,"2014",5713601,31533,"United States","01000US","united-states",0.04916571130748862
14,"$150,000-$199,999",2014,"2014",5857717,33034,"United States","01000US","united-states",0.05040583389406581
15,"$200,000+",2014,"2014",5845378,32351,"United States","01000US","united-states",0.05029965642178115
0,"< $10,000",2014,"2014",22295,931.9999999999999,"St. Louis city, MO","05000US29510","st-louis-city-mo",0.15971316818774445
1,"$10,000-$14,999",2014,"2014",11745,610,"St. Louis city, MO","05000US29510","st-louis-city-mo",0.08413685401951373
2,"$15,000-$19,999",2014,"2014",10213,585,"St. Louis city, MO","05000US29510","st-louis-city-mo",0.07316217029385218
3,"$20,000-$24,999",2014,"2014",8840,626,"St. Louis city, MO","05000US29510","st-louis-city-mo",0.06332650400447011
4,"$25,000-$29,999",2014,"2014",8540,654,"St. Louis city, MO","05000US29510","st-louis-city-mo",0.061177414502055966
5,"$30,000-$34,999",2014,"2014",8482,639,"St. Louis city, MO","05000US29510","st-louis-city-mo",0.06076192386492256
6,"$35,000-$39,999",2014,"2014",7141,524,"St. Louis city, MO","05000US29510","st-louis-city-mo",0.05115549378913134
7,"$40,000-$44,999",2014,"2014",6880,549,"St. Louis city, MO","05000US29510","st-louis-city-mo",0.049285785922031033
8,"$45,000-$49,999",2014,"2014",5571,461.00000000000006,"St. Louis city, MO","05000US29510","st-louis-city-mo",0.039908592059830654
9,"$50,000-$59,999",2014,"2014",10000,745,"St. Louis city, MO","05000US29510","st-louis-city-mo",0.07163631674713813
10,"$60,000-$74,999",2014,"2014",10898,629,"St. Louis city, MO","05000US29510","st-louis-city-mo",0.07806925799103114
11,"$75,000-$99,999",2014,"2014",12246,605,"St. Louis city, MO","05000US29510","st-louis-city-mo",0.08772583348854535
12,"$100,000-$124,999",2014,"2014",6537,479,"St. Louis city, MO","05000US29510","st-louis-city-mo",0.046828660257604196
13,"$125,000-$149,999",2014,"2014",3882,375,"St. Louis city, MO","05000US29510","st-louis-city-mo",0.027809218161239022
14,"$150,000-$199,999",2014,"2014",3391,324,"St. Louis city, MO","05000US29510","st-louis-city-mo",0.02429187500895454
15,"$200,000+",2014,"2014",2933,320,"St. Louis city, MO","05000US29510","st-louis-city-mo",0.021010931701935614
0,"< $10,000",2013,"2013",8380364,19177,"United States","01000US","united-states",0.07248809222880441
1,"$10,000-$14,999",2013,"2013",6214548,16925,"United States","01000US","united-states",0.05375431527608252
2,"$15,000-$19,999",2013,"2013",6236898,17145,"United States","01000US","united-states",0.05394763729184625
3,"$20,000-$24,999",2013,"2013",6231706,17720,"United States","01000US","united-states",0.053902727765857646
4,"$25,000-$29,999",2013,"2013",5929562,13959.000000000002,"United States","01000US","united-states",0.05128925630586141
5,"$30,000-$34,999",2013,"2013",6000199,15505.999999999998,"United States","01000US","united-states",0.05190024902297562
6,"$35,000-$39,999",2013,"2013",5410067,15255.999999999998,"United States","01000US","united-states",0.04679575202938813
7,"$40,000-$44,999",2013,"2013",5465384,13996,"United States","01000US","united-states",0.04727423050571932
8,"$45,000-$49,999",2013,"2013",4847697,14804,"United States","01000US","united-states",0.04193138952356944
9,"$50,000-$59,999",2013,"2013",9249964,20676,"United States","01000US","united-states",0.08000991884661819
10,"$60,000-$74,999",2013,"2013",11494081,28807.999999999996,"United States","01000US","united-states",0.09942098023586428
11,"$75,000-$99,999",2013,"2013",14107031,52951,"United States","01000US","united-states",0.12202235657097985
12,"$100,000-$124,999",2013,"2013",9285899,44286,"United States","01000US","united-states",0.08032074777889871
13,"$125,000-$149,999",2013,"2013",5572340,31574,"United States","01000US","united-states",0.04819937366088824
14,"$150,000-$199,999",2013,"2013",5651848,31873,"United States","01000US","united-states",0.04888709835123913
15,"$200,000+",2013,"2013",5532628,32847,"United States","01000US","united-states",0.04785587460540684
0,"< $10,000",2013,"2013",22469,970.0000000000001,"St. Louis city, MO","05000US29510","st-louis-city-mo",0.15974888376987173
1,"$10,000-$14,999",2013,"2013",11959,727,"St. Louis city, MO","05000US29510","st-louis-city-mo",0.08502545289082274
2,"$15,000-$19,999",2013,"2013",10027,616,"St. Louis city, MO","05000US29510","st-louis-city-mo",0.07128942354179109
3,"$20,000-$24,999",2013,"2013",9063,645,"St. Louis city, MO","05000US29510","st-louis-city-mo",0.064435628359355
4,"$25,000-$29,999",2013,"2013",8641,506,"St. Louis city, MO","05000US29510","st-louis-city-mo",0.06143531553052925
5,"$30,000-$34,999",2013,"2013",8828,581,"St. Louis city, MO","05000US29510","st-louis-city-mo",0.06276483803998521
6,"$35,000-$39,999",2013,"2013",7259,563,"St. Louis city, MO","05000US29510","st-louis-city-mo",0.0516096465034269
7,"$40,000-$44,999",2013,"2013",6912,547,"St. Louis city, MO","05000US29510","st-louis-city-mo",0.0491425646275915
8,"$45,000-$49,999",2013,"2013",5657,437.00000000000006,"St. Louis city, MO","05000US29510","st-louis-city-mo",0.04021983334755282
9,"$50,000-$59,999",2013,"2013",9993,648,"St. Louis city, MO","05000US29510","st-louis-city-mo",0.07104769217643546
10,"$60,000-$74,999",2013,"2013",11110,646,"St. Louis city, MO","05000US29510","st-louis-city-mo",0.07898927850297187
11,"$75,000-$99,999",2013,"2013",11874,696,"St. Louis city, MO","05000US29510","st-louis-city-mo",0.08442112447743366
12,"$100,000-$124,999",2013,"2013",6885,508.99999999999994,"St. Louis city, MO","05000US29510","st-louis-city-mo",0.04895060148451497
13,"$125,000-$149,999",2013,"2013",3928,382,"St. Louis city, MO","05000US29510","st-louis-city-mo",0.02792708244461508
14,"$150,000-$199,999",2013,"2013",3495,370,"St. Louis city, MO","05000US29510","st-louis-city-mo",0.02484856240935074
15,"$200,000+",2013,"2013",2552,317,"St. Louis city, MO","05000US29510","st-louis-city-mo",0.018144071893751956