ID Wage Bin,Wage Bin,ID Year,Year,ID Workforce Status,Workforce Status,Total Population,Total Population MOE Appx,Record Count,Geography,ID Geography,Slug Geography,share
1,"< $10K",2022,"2022","true","true",15059885,90437.41750428962,719627,"United States","01000US","united-states",0.09899929291220062
2,"$10-20k",2022,"2022","true","true",15246005,90932.74087110991,674037,"United States","01000US","united-states",0.10022279152436259
3,"$20-30k",2022,"2022","true","true",18217376,98314.8850940853,772403,"United States","01000US","united-states",0.11975571810247514
4,"$30-40k",2022,"2022","true","true",17620909,96907.10991489798,754494,"United States","01000US","united-states",0.11583471795901709
5,"$40-50k",2022,"2022","true","true",15684163,92082.41274650917,695119,"United States","01000US","united-states",0.10310311446068142
6,"$50-60k",2022,"2022","true","true",13995376,87520.46259463763,631525,"United States","01000US","united-states",0.09200152112983484
7,"$60-70k",2022,"2022","true","true",10645563,77251.1630745861,490328,"United States","01000US","united-states",0.06998082718774315
8,"$70-80k",2022,"2022","true","true",8235939,68524.29834688094,381277,"United States","01000US","united-states",0.054140661596553806
9,"$80-90k",2022,"2022","true","true",6921729,63105.860919922714,326095,"United States","01000US","united-states",0.045501428246621636
10,"$90-100k",2022,"2022","true","true",5000174,53989.563403827735,233678,"United States","01000US","united-states",0.03286968595297838
11,"$100-110k",2022,"2022","true","true",4392947,50709.537253756425,208900,"United States","01000US","united-states",0.028877952706861505
12,"$110-120k",2022,"2022","true","true",4296455,50165.89764105723,201923,"United States","01000US","united-states",0.028243642433464063
13,"$120-130k",2022,"2022","true","true",2128565,35567.907160080256,103064,"United States","01000US","united-states",0.013992565674814803
14,"$130-140k",2022,"2022","true","true",2374898,37538.8029765718,113729,"United States","01000US","united-states",0.015611886992403954
15,"$140-150k",2022,"2022","true","true",1645159,31319.69350489551,79108,"United States","01000US","united-states",0.01081479557965702
16,"$150-160k",2022,"2022","true","true",1515754,30075.6198072101,74413,"United States","01000US","united-states",0.009964124840849697
17,"$160-170k",2022,"2022","true","true",1045320,25015.090758217106,51801,"United States","01000US","united-states",0.006871628891388052
18,"$170-180k",2022,"2022","true","true",1194681,26729.365077042192,57426,"United States","01000US","united-states",0.0078534845555355
19,"$180-190k",2022,"2022","true","true",726703,20879.17854509775,35923,"United States","01000US","united-states",0.004777133633966988
20,"$190-200k",2022,"2022","true","true",494253,17232.279867137804,23957,"United States","01000US","united-states",0.0032490751104496413
21,"$200k+",2022,"2022","true","true",5679283,57406.27163005353,287556,"United States","01000US","united-states",0.037333950508140104
1,"< $10K",2022,"2022","true","true",297016,12657.79631747395,14779,"Missouri","04000US29",,0.105074581245516
2,"$10-20k",2022,"2022","true","true",291352,12550.552120996173,13625,"Missouri","04000US29",,0.10307084263152011
3,"$20-30k",2022,"2022","true","true",356794,13708.314530789668,16167,"Missouri","04000US29",,0.12622208952013572
4,"$30-40k",2022,"2022","true","true",372521,13962.512779206092,17424,"Missouri","04000US29",,0.13178578958763457
5,"$40-50k",2022,"2022","true","true",325317,13172.813263625996,15370,"Missouri","04000US29",,0.11508655273469284
6,"$50-60k",2022,"2022","true","true",279723,12325.701174302021,13168,"Missouri","04000US29",,0.09895688141291874
7,"$60-70k",2022,"2022","true","true",208358,10785.822603931134,9651,"Missouri","04000US29",,0.07371027015094547
8,"$70-80k",2022,"2022","true","true",149443,9236.720193160068,7070,"Missouri","04000US29",,0.05286806315172801
9,"$80-90k",2022,"2022","true","true",121239,8363.282482269078,5804,"Missouri","04000US29",,0.042890407101385496
10,"$90-100k",2022,"2022","true","true",81508,6907.508314988434,3762,"Missouri","04000US29",,0.02883487410832924
11,"$100-110k",2022,"2022","true","true",64717,6173.829294079926,3085,"Missouri","04000US29",,0.022894765515884864
12,"$110-120k",2022,"2022","true","true",64773,6176.437226749129,3000,"Missouri","04000US29",,0.022914576490881997
13,"$120-130k",2022,"2022","true","true",30307,4251.140808729279,1471,"Missouri","04000US29",,0.01072162891496705
14,"$130-140k",2022,"2022","true","true",33130,4442.479278904818,1552,"Missouri","04000US29",,0.011720314315269025
15,"$140-150k",2022,"2022","true","true",23712,3764.6934809064737,1087,"Missouri","04000US29",,0.008388532841643802
16,"$150-160k",2022,"2022","true","true",20409,3494.7178858218895,982,"Missouri","04000US29",,0.00722003908422353
17,"$160-170k",2022,"2022","true","true",12840,2775.6752926394533,603,"Missouri","04000US29",,0.004542373552914407
18,"$170-180k",2022,"2022","true","true",14362,2934.783874836444,701,"Missouri","04000US29",,0.005080807551943669
19,"$180-190k",2022,"2022","true","true",7636,2142.497531263826,393,"Missouri","04000US29",,0.002701367947823552
20,"$190-200k",2022,"2022","true","true",5170,1763.6910421910814,256,"Missouri","04000US29",,0.0018289775131283086
21,"$200k+",2022,"2022","true","true",66389,6251.179941283732,3337,"Missouri","04000US29",,0.023486264626513594
1,"< $10K",2021,"2021","true","true",15945753,92710.38724424138,761707,"United States","01000US","united-states",0.10574322247296193
2,"$10-20k",2021,"2021","true","true",16882255,95062.19145903268,739876,"United States","01000US","united-states",0.1119535744916075
3,"$20-30k",2021,"2021","true","true",19765189,101745.9777231882,835968,"United States","01000US","united-states",0.13107156354718025
4,"$30-40k",2021,"2021","true","true",18687187,99338.56855683486,806553,"United States","01000US","united-states",0.12392286349442651
5,"$40-50k",2021,"2021","true","true",15586422,91781.87923309933,692657,"United States","01000US","united-states",0.10336034234968197
6,"$50-60k",2021,"2021","true","true",13393203,85766.95477431842,611493,"United States","01000US","united-states",0.08881615339548664
7,"$60-70k",2021,"2021","true","true",10510051,76769.62987146697,485563,"United States","01000US","united-states",0.06969671868711223
8,"$70-80k",2021,"2021","true","true",7684500,66301.75035128048,355486,"United States","01000US","united-states",0.050959261258685995
9,"$80-90k",2021,"2021","true","true",6636040,61838.184886883995,310735,"United States","01000US","united-states",0.04400646705486246
10,"$90-100k",2021,"2021","true","true",4154962,49350.45678343634,197182,"United States","01000US","united-states",0.027553359890417396
11,"$100-110k",2021,"2021","true","true",4659369,52170.25852380588,218840,"United States","01000US","united-states",0.03089830205890071
12,"$110-120k",2021,"2021","true","true",2524846,38683.49021786723,121697,"United States","01000US","united-states",0.016743351805836203
13,"$120-130k",2021,"2021","true","true",2364900,37458.355990393575,112758,"United States","01000US","united-states",0.015682680324115624
14,"$130-140k",2021,"2021","true","true",2005063,34532.82570198456,97020,"United States","01000US","united-states",0.013296444694791427
15,"$140-150k",2021,"2021","true","true",1264824,27495.44686767681,61154,"United States","01000US","united-states",0.008387597978041025
16,"$150-160k",2021,"2021","true","true",1205528,26848.527738228328,57013,"United States","01000US","united-states",0.007994380415988185
17,"$160-170k",2021,"2021","true","true",1160727,26348.86374996077,57551,"United States","01000US","united-states",0.007697285502376318
18,"$170-180k",2021,"2021","true","true",619009,19276.582184815095,30354,"United States","01000US","united-states",0.0041049178674576045
19,"$180-190k",2021,"2021","true","true",632906,19490.862776225556,30634,"United States","01000US","united-states",0.004197074917846304
20,"$190-200k",2021,"2021","true","true",429320,16063.723399136368,21790,"United States","01000US","united-states",0.002847007618397953
21,"$200k+",2021,"2021","true","true",4684873,52308.28087729147,236043,"United States","01000US","united-states",0.031067430173825756
1,"< $10K",2021,"2021","true","true",319783,13070.32915403067,15981,"Missouri","04000US29",,0.11372569241930666
2,"$10-20k",2021,"2021","true","true",323086,13128.94752720876,15005,"Missouri","04000US29",,0.11490035136634565
3,"$20-30k",2021,"2021","true","true",392536,14268.05995303728,17846,"Missouri","04000US29",,0.13959912940808286
4,"$30-40k",2021,"2021","true","true",389499,14221.67554853079,18260,"Missouri","04000US29",,0.1385190690925644
5,"$40-50k",2021,"2021","true","true",325725,13175.466900979032,15264,"Missouri","04000US29",,0.11583886936853635
6,"$50-60k",2021,"2021","true","true",263258,11992.780082685736,12493,"Missouri","04000US29",,0.09362348322119009
7,"$60-70k",2021,"2021","true","true",200679,10598.575138209118,9400,"Missouri","04000US29",,0.07136826607109834
8,"$70-80k",2021,"2021","true","true",135050,8803.068007396172,6371,"Missouri","04000US29",,0.04802836536409804
9,"$80-90k",2021,"2021","true","true",108492,7929.200793305245,5093,"Missouri","04000US29",,0.03858343883807275
10,"$90-100k",2021,"2021","true","true",62043,6047.5050201765935,2993,"Missouri","04000US29",,0.022064597351238318
11,"$100-110k",2021,"2021","true","true",71043,6460.68575621085,3272,"Missouri","04000US29",,0.025265302929001237
12,"$110-120k",2021,"2021","true","true",35778,4614.2604731197325,1725,"Missouri","04000US29",,0.012723871573466862
13,"$120-130k",2021,"2021","true","true",33993,4499.128549797979,1570,"Missouri","04000US29",,0.01208906496721055
14,"$130-140k",2021,"2021","true","true",29275,4178.790509631693,1347,"Missouri","04000US29",,0.010411183976556609
15,"$140-150k",2021,"2021","true","true",17317,3220.84368551875,823,"Missouri","04000US29",,0.006158513165568943
16,"$150-160k",2021,"2021","true","true",15961,3092.920155712231,715,"Missouri","04000US29",,0.005676273525185996
17,"$160-170k",2021,"2021","true","true",13052,2798.356265984726,698,"Missouri","04000US29",,0.004641734355662404
18,"$170-180k",2021,"2021","true","true",6402,1962.1745381781177,325,"Missouri","04000US29",,0.0022767685676486904
19,"$180-190k",2021,"2021","true","true",7051,2058.99323229836,343,"Missouri","04000US29",,0.0025075750032007055
20,"$190-200k",2021,"2021","true","true",4941,1724.2501862032213,233,"Missouri","04000US29",,0.0017571873621918433
21,"$200k+",2021,"2021","true","true",56916,5797.643631293666,2903,"Missouri","04000US29",,0.020241262073772706
1,"< $10K",2020,"2020","true","true",16516092,94090.43442734538,793203,"United States","01000US","united-states",0.11072898560632441
2,"$10-20k",2020,"2020","true","true",18348234,98484.67628743006,800140,"United States","01000US","united-states",0.12301223185772228
3,"$20-30k",2020,"2020","true","true",20537630,103319.30512977143,870946,"United States","01000US","united-states",0.1376906193461514
4,"$30-40k",2020,"2020","true","true",19219120,100458.7451074371,838260,"United States","01000US","united-states",0.12885092077751936
5,"$40-50k",2020,"2020","true","true",15459807,91393.69840338074,696515,"United States","01000US","united-states",0.10364732448690364
6,"$50-60k",2020,"2020","true","true",13159218,85042.10571332583,612324,"United States","01000US","united-states",0.08822346475864176
7,"$60-70k",2020,"2020","true","true",9766312,74171.1817337143,457989,"United States","01000US","united-states",0.06547637424609122
8,"$70-80k",2020,"2020","true","true",7164175,64116.423727331996,337010,"United States","01000US","united-states",0.04803084352255904
9,"$80-90k",2020,"2020","true","true",5926069,58567.23839542772,281779,"United States","01000US","united-states",0.0397301982214125
10,"$90-100k",2020,"2020","true","true",4186964,49526.964299149564,201663,"United States","01000US","united-states",0.028070700774141876
11,"$100-110k",2020,"2020","true","true",4312603,50242.768704269954,208155,"United States","01000US","united-states",0.028913023462983342
12,"$110-120k",2020,"2020","true","true",2059548,34989.80234021527,100399,"United States","01000US","united-states",0.013807846362658565
13,"$120-130k",2020,"2020","true","true",2114430,35446.320000571875,102330,"United States","01000US","united-states",0.014175792253735357
14,"$130-140k",2020,"2020","true","true",1666037,31512.145902774766,81885,"United States","01000US","united-states",0.011169626991215834
15,"$140-150k",2020,"2020","true","true",1106018,25724.070498423334,54518,"United States","01000US","united-states",0.007415086523030733
16,"$150-160k",2020,"2020","true","true",1152867,26259.078012024096,56334,"United States","01000US","united-states",0.0077291766992461895
17,"$160-170k",2020,"2020","true","true",911439,23367.249667447893,45608,"United States","01000US","united-states",0.006110568766027866
18,"$170-180k",2020,"2020","true","true",590807,18833.704708455592,29445,"United States","01000US","united-states",0.003960952736223297
19,"$180-190k",2020,"2020","true","true",518463,17647.270313623834,25920,"United States","01000US","united-states",0.00347593619994438
20,"$190-200k",2020,"2020","true","true",396515,15439.262287968988,19972,"United States","01000US","united-states",0.002658359115927165
21,"$200k+",2020,"2020","true","true",4045453,48706.56891676447,207897,"United States","01000US","united-states",0.027121967291539782
1,"< $10K",2020,"2020","true","true",330374,13252.465180137508,16695,"Missouri","04000US29",,0.11806218407214367
2,"$10-20k",2020,"2020","true","true",354732,13664.384593936782,16438,"Missouri","04000US29",,0.12676673915102177
3,"$20-30k",2020,"2020","true","true",411091,14539.246350693458,18675,"Missouri","04000US29",,0.14690714557562523
4,"$30-40k",2020,"2020","true","true",408931,14507.558099067975,19056,"Missouri","04000US29",,0.1461352497315339
5,"$40-50k",2020,"2020","true","true",320454,13078.191027629473,15099,"Missouri","04000US29",,0.11451718093631681
6,"$50-60k",2020,"2020","true","true",255370,11827.141760318487,12252,"Missouri","04000US29",,0.09125881560444626
7,"$60-70k",2020,"2020","true","true",180723,10094.483344561073,8544,"Missouri","04000US29",,0.06458302436653617
8,"$70-80k",2020,"2020","true","true",127403,8561.424641974727,6060,"Missouri","04000US29",,0.045528632511466764
9,"$80-90k",2020,"2020","true","true",92800,7354.029928222636,4433,"Missouri","04000US29",,0.03316293256096101
10,"$90-100k",2020,"2020","true","true",63193,6101.677907349749,3096,"Missouri","04000US29",,0.022582599109103547
11,"$100-110k",2020,"2020","true","true",63653,6123.330586682417,3033,"Missouri","04000US29",,0.022746984335160033
12,"$110-120k",2020,"2020","true","true",30619,4272.490879012481,1402,"Missouri","04000US29",,0.010941980949181737
13,"$120-130k",2020,"2020","true","true",29663,4205.989379243285,1391,"Missouri","04000US29",,0.010600345566333906
14,"$130-140k",2020,"2020","true","true",22911,3700.9360397522087,1096,"Missouri","04000US29",,0.008187456335174328
15,"$140-150k",2020,"2020","true","true",14932,2992.0712425908487,708,"Missouri","04000US29",,0.005336087381468424
16,"$150-160k",2020,"2020","true","true",14935,2992.370184569459,743,"Missouri","04000US29",,0.0053371594590296625
17,"$160-170k",2020,"2020","true","true",9319,2366.110688412252,496,"Missouri","04000US29",,0.0033302302643921948
18,"$170-180k",2020,"2020","true","true",6300,1946.5053646178158,295,"Missouri","04000US29",,0.0022513628785997236
19,"$180-190k",2020,"2020","true","true",5463,1812.867311659901,281,"Missouri","04000US29",,0.001952253239014332
20,"$190-200k",2020,"2020","true","true",5216,1771.4888084764102,259,"Missouri","04000US29",,0.0018639855198057395
21,"$200k+",2020,"2020","true","true",50223,5452.4714938066045,2581,"Missouri","04000US29",,0.01794765045268475
1,"< $10K",2019,"2019","true","true",17235672,95825.12439705018,842218,"United States","01000US","united-states",0.11614495457281954
2,"$10-20k",2019,"2019","true","true",19193171,100362.95984411176,859662,"United States","01000US","united-states",0.12933583175076419
3,"$20-30k",2019,"2019","true","true",20822317,103874.56028547454,918457,"United States","01000US","united-states",0.14031405692019713
4,"$30-40k",2019,"2019","true","true",19271700,100537.50151548315,879732,"United States","01000US","united-states",0.1298650102555332
5,"$40-50k",2019,"2019","true","true",15497426,91464.78933640393,733720,"United States","01000US","united-states",0.10443154399582635
6,"$50-60k",2019,"2019","true","true",12658281,83541.36472206489,617166,"United States","01000US","united-states",0.08529957356550906
7,"$60-70k",2019,"2019","true","true",9465154,73084.79565794294,466240,"United States","01000US","united-states",0.06378224657296455
8,"$70-80k",2019,"2019","true","true",6969137,63273.120914931256,344155,"United States","01000US","united-states",0.04696249152784735
9,"$80-90k",2019,"2019","true","true",5705088,57503.34459432642,283621,"United States","01000US","united-states",0.038444522882190954
10,"$90-100k",2019,"2019","true","true",3834497,47450.879360820065,192775,"United States","01000US","united-states",0.02583928725695249
11,"$100-110k",2019,"2019","true","true",4101980,49032.57233698994,206652,"United States","01000US","united-states",0.02764175836942211
12,"$110-120k",2019,"2019","true","true",2035380,34785.52580644912,103604,"United States","01000US","united-states",0.0137156890452792
13,"$120-130k",2019,"2019","true","true",2227697,36367.91195472249,113413,"United States","01000US","united-states",0.015011643692628078
14,"$130-140k",2019,"2019","true","true",1324487,28128.83962565584,68152,"United States","01000US","united-states",0.00892523845007552
15,"$140-150k",2019,"2019","true","true",938473,23708.71650253262,48494,"United States","01000US","united-states",0.006324029834915498
16,"$150-160k",2019,"2019","true","true",1151395,26241.91646729164,59690,"United States","01000US","united-states",0.007758834118586821
17,"$160-170k",2019,"2019","true","true",833119,22346.30693642769,43181,"United States","01000US","united-states",0.005614087365363697
18,"$170-180k",2019,"2019","true","true",514213,17574.887030867354,26847,"United States","01000US","united-states",0.0034650952701904083
19,"$180-190k",2019,"2019","true","true",538396,17981.934693551426,27980,"United States","01000US","united-states",0.003628055753334581
20,"$190-200k",2019,"2019","true","true",318330,13837.168772976647,16722,"United States","01000US","united-states",0.0021451106396759953
21,"$200k+",2019,"2019","true","true",3762027,47012.12121541904,202349,"United States","01000US","united-states",0.025350938159923245
1,"< $10K",2019,"2019","true","true",349765,13579.403209962958,17564,"Missouri","04000US29",,0.1253475804743544
2,"$10-20k",2019,"2019","true","true",369923,13907.440497754787,17271,"Missouri","04000US29",,0.1325717353417712
3,"$20-30k",2019,"2019","true","true",416412,14613.083723018908,19420,"Missouri","04000US29",,0.1492323036338309
4,"$30-40k",2019,"2019","true","true",404524,14438.99922823025,19567,"Missouri","04000US29",,0.14497192298774245
5,"$40-50k",2019,"2019","true","true",324072,13139.755970029562,15655,"Missouri","04000US29",,0.11613981130040163
6,"$50-60k",2019,"2019","true","true",244986,11606.227590471486,11953,"Missouri","04000US29",,0.08779724200560429
7,"$60-70k",2019,"2019","true","true",172799,9884.70386929163,8440,"Missouri","04000US29",,0.06192711265674943
8,"$70-80k",2019,"2019","true","true",121222,8360.28109834615,5932,"Missouri","04000US29",,0.04344312438426426
9,"$80-90k",2019,"2019","true","true",90191,7253.067463034032,4367,"Missouri","04000US29",,0.03232234108776606
10,"$90-100k",2019,"2019","true","true",59102,5905.09778229103,2886,"Missouri","04000US29",,0.021180771950296037
11,"$100-110k",2019,"2019","true","true",57849,5843.506465615934,2865,"Missouri","04000US29",,0.020731726109990786
12,"$110-120k",2019,"2019","true","true",29554,4198.273428085272,1378,"Missouri","04000US29",,0.010591461104853457
13,"$120-130k",2019,"2019","true","true",30553,4267.867487787504,1494,"Missouri","04000US29",,0.010949479296764828
14,"$130-140k",2019,"2019","true","true",17803,3265.3630790385228,877,"Missouri","04000US29",,0.006380178048646752
15,"$140-150k",2019,"2019","true","true",12596,2749.214581642862,600,"Missouri","04000US29",,0.004514111256572178
16,"$150-160k",2019,"2019","true","true",14059,2903.7226379547237,725,"Missouri","04000US29",,0.005038416176258198
17,"$160-170k",2019,"2019","true","true",9906,2439.223857708237,499,"Missouri","04000US29",,0.0035500782873613846
18,"$170-180k",2019,"2019","true","true",5771,1863.162475081601,287,"Missouri","04000US29",,0.0020681911766972086
19,"$180-190k",2019,"2019","true","true",6676,2003.608062477838,308,"Missouri","04000US29",,0.002392521971171472
20,"$190-200k",2019,"2019","true","true",3282,1405.6865514554204,176,"Missouri","04000US29",,0.0011761918977508646
21,"$200k+",2019,"2019","true","true",49316,5403.76640099551,2504,"Missouri","04000US29",,0.017673698851152234
1,"< $10K",2018,"2018","true","true",17749199,96955.97378159911,861436,"United States","01000US","united-states",0.12133997342924331
2,"$10-20k",2018,"2018","true","true",19831682,101652.43705180778,885585,"United States","01000US","united-states",0.13557658387497953
3,"$20-30k",2018,"2018","true","true",21368534,104874.50805769727,947651,"United States","01000US","united-states",0.14608306255295703
4,"$30-40k",2018,"2018","true","true",18508007,98714.10542530923,851937,"United States","01000US","united-states",0.1265274606255893
5,"$40-50k",2018,"2018","true","true",15317973,90919.08090549585,729171,"United States","01000US","united-states",0.10471922912182496
6,"$50-60k",2018,"2018","true","true",12319442,82464.26860515302,601190,"United States","01000US","united-states",0.08422018170752968
7,"$60-70k",2018,"2018","true","true",9359787,72668.91967376214,459940,"United States","01000US","united-states",0.06398690475459637
8,"$70-80k",2018,"2018","true","true",6579666,61543.57092792526,324621,"United States","01000US","united-states",0.04498098745826759
9,"$80-90k",2018,"2018","true","true",5163031,54792.87448166976,256478,"United States","01000US","united-states",0.035296355872417653
10,"$90-100k",2018,"2018","true","true",3685002,46532.15457687366,184790,"United States","01000US","united-states",0.025192012595425205
11,"$100-110k",2018,"2018","true","true",3854981,47564.88052964303,193438,"United States","01000US","united-states",0.02635405080027768
12,"$110-120k",2018,"2018","true","true",1906459,33677.493060342465,96723,"United States","01000US","united-states",0.013033246424469172
13,"$120-130k",2018,"2018","true","true",2032821,34760.454416261906,103148,"United States","01000US","united-states",0.013897102969345706
14,"$130-140k",2018,"2018","true","true",1311502,27990.041050619635,67074,"United States","01000US","united-states",0.008965904198403514
15,"$140-150k",2018,"2018","true","true",899956,23219.094973237465,46319,"United States","01000US","united-states",0.006152426209627156
16,"$150-160k",2018,"2018","true","true",1077551,25391.486881718716,55504,"United States","01000US","united-states",0.007366530157707656
17,"$160-170k",2018,"2018","true","true",674853,20122.188563201675,34843,"United States","01000US","united-states",0.004613540311799149
18,"$170-180k",2018,"2018","true","true",417733,15845.397571067026,21702,"United States","01000US","united-states",0.0028557745687857856
19,"$180-190k",2018,"2018","true","true",487740,17117.6320578602,25194,"United States","01000US","united-states",0.0033343678574103055
20,"$190-200k",2018,"2018","true","true",284991,13093.834585546894,14991,"United States","01000US","united-states",0.0019483020257744297
21,"$200k+",2018,"2018","true","true",3445692,45033.59895843708,183548,"United States","01000US","united-states",0.023556002483568768
1,"< $10K",2018,"2018","true","true",362305,13775.817576563482,18106,"Missouri","04000US29",,0.1310177184282575
2,"$10-20k",2018,"2018","true","true",382572,14096.056134977502,17902,"Missouri","04000US29",,0.13834672603065187
3,"$20-30k",2018,"2018","true","true",433548,14844.432325854106,20315,"Missouri","04000US29",,0.15678080564478597
4,"$30-40k",2018,"2018","true","true",394960,14285.178837185562,19149,"Missouri","04000US29",,0.14282650824698687
5,"$40-50k",2018,"2018","true","true",317784,13020.646484014833,15360,"Missouri","04000US29",,0.11491791345138869
6,"$50-60k",2018,"2018","true","true",236588,11419.570461600528,11522,"Missouri","04000US29",,0.08555559533405441
7,"$60-70k",2018,"2018","true","true",168377,9762.805071401232,8203,"Missouri","04000US29",,0.060888948195014454
8,"$70-80k",2018,"2018","true","true",113143,8087.552912950471,5497,"Missouri","04000US29",,0.04091507905253402
9,"$80-90k",2018,"2018","true","true",81728,6914.260286259965,3910,"Missouri","04000US29",,0.029554701402698356
10,"$90-100k",2018,"2018","true","true",56750,5788.353082496368,2779,"Missouri","04000US29",,0.020522089181224692
11,"$100-110k",2018,"2018","true","true",53201,5608.107358818432,2591,"Missouri","04000US29",,0.019238690159124845
12,"$110-120k",2018,"2018","true","true",26624,3986.6730656452573,1268,"Missouri","04000US29",,0.009627843213408392
13,"$120-130k",2018,"2018","true","true",26709,3992.9699710064906,1321,"Missouri","04000US29",,0.009658581144340622
14,"$130-140k",2018,"2018","true","true",17578,3244.7016072242186,832,"Missouri","04000US29",,0.006356604116785333
15,"$140-150k",2018,"2018","true","true",12587,2748.180283673513,597,"Missouri","04000US29",,0.0045517451369881095
16,"$150-160k",2018,"2018","true","true",12258,2712.1884574426786,633,"Missouri","04000US29",,0.004432771263144533
17,"$160-170k",2018,"2018","true","true",8243,2225.7129733277807,387,"Missouri","04000US29",,0.0029808560549926897
18,"$170-180k",2018,"2018","true","true",4670,1676.3556997588282,233,"Missouri","04000US29",,0.001688778087688446
19,"$180-190k",2018,"2018","true","true",6085,1913.0516540826372,290,"Missouri","04000US29",,0.0022004742320308767
20,"$190-200k",2018,"2018","true","true",3389,1428.3816337345402,178,"Missouri","04000US29",,0.0012255393874038851
21,"$200k+",2018,"2018","true","true",46214,5233.6165613017465,2316,"Missouri","04000US29",,0.01671203223649547
1,"< $10K",2017,"2017","true","true",18334177,98216.96238879346,887479,"United States","01000US","united-states",0.12710489187300802
2,"$10-20k",2017,"2017","true","true",20636260,103243.88185148242,919238,"United States","01000US","united-states",0.143064485303228
3,"$20-30k",2017,"2017","true","true",21154896,104313.67658171566,944996,"United States","01000US","united-states",0.1466600201724206
4,"$30-40k",2017,"2017","true","true",18617675,98861.91839776494,862964,"United States","01000US","united-states",0.12907029139087098
5,"$40-50k",2017,"2017","true","true",14862674,89641.73119299699,710138,"United States","01000US","united-states",0.10303808955884781
6,"$50-60k",2017,"2017","true","true",11911524,81160.14741250928,582640,"United States","01000US","united-states",0.08257872551698067
7,"$60-70k",2017,"2017","true","true",8944414,71113.18111445638,439820,"United States","01000US","united-states",0.062008715980947454
8,"$70-80k",2017,"2017","true","true",6534050,61319.668763285474,323240,"United States","01000US","united-states",0.04529844556114126
9,"$80-90k",2017,"2017","true","true",4814316,52962.785992977675,239313,"United States","01000US","united-states",0.03337608852704392
10,"$90-100k",2017,"2017","true","true",3440166,44990.70898286708,172975,"United States","01000US","united-states",0.02384955307539567
11,"$100-110k",2017,"2017","true","true",3565278,45781.16125875204,178624,"United States","01000US","united-states",0.024716913919136614
12,"$110-120k",2017,"2017","true","true",1701016,31831.199957048524,86397,"United States","01000US","united-states",0.01179259122207976
13,"$120-130k",2017,"2017","true","true",1935423,33925.74367152614,98295,"United States","01000US","united-states",0.013417658787931023
14,"$130-140k",2017,"2017","true","true",1150516,26229.024932965833,58865,"United States","01000US","united-states",0.007976153594359088
15,"$140-150k",2017,"2017","true","true",805590,21974.33031481148,41619,"United States","01000US","united-states",0.005584893712108078
16,"$150-160k",2017,"2017","true","true",1131225,26009.954006240958,57968,"United States","01000US","united-states",0.007842415359524646
17,"$160-170k",2017,"2017","true","true",523192,17726.224896423624,27193,"United States","01000US","united-states",0.003627120136825494
18,"$170-180k",2017,"2017","true","true",338883,14275.419905071241,17620,"United States","01000US","united-states",0.0023493657267844954
19,"$180-190k",2017,"2017","true","true",460867,16640.549353126495,23805,"United States","01000US","united-states",0.0031950411628969
20,"$190-200k",2017,"2017","true","true",251667,12305.767387457063,13077,"United States","01000US","united-states",0.0017447255376123135
21,"$200k+",2017,"2017","true","true",3130655,42966.25921703537,166561,"United States","01000US","united-states",0.021703813880857153
1,"< $10K",2017,"2017","true","true",376156,13988.353485346466,18796,"Missouri","04000US29",,0.13699028245805775
2,"$10-20k",2017,"2017","true","true",402961,14396.066397918636,18932,"Missouri","04000US29",,0.14675225494098568
3,"$20-30k",2017,"2017","true","true",433031,14827.461484776992,20429,"Missouri","04000US29",,0.15770329066423294
4,"$30-40k",2017,"2017","true","true",402898,14395.134531237489,19567,"Missouri","04000US29",,0.14672931130112654
5,"$40-50k",2017,"2017","true","true",304082,12766.857127327748,14757,"Missouri","04000US29",,0.11074203008967322
6,"$50-60k",2017,"2017","true","true",229920,11268.706600145886,11167,"Missouri","04000US29",,0.08373335994309977
7,"$60-70k",2017,"2017","true","true",160598,9546.80179333052,7767,"Missouri","04000US29",,0.05848734403332436
8,"$70-80k",2017,"2017","true","true",111914,8044.169307396977,5353,"Missouri","04000US29",,0.04075737319359807
9,"$80-90k",2017,"2017","true","true",76726,6704.895732307133,3702,"Missouri","04000US29",,0.027942439870364794
10,"$90-100k",2017,"2017","true","true",51021,5493.845691528639,2506,"Missouri","04000US29",,0.01858107062307278
11,"$100-110k",2017,"2017","true","true",49743,5425.88914180741,2369,"Missouri","04000US29",,0.01811564250021578
12,"$110-120k",2017,"2017","true","true",22351,3655.5139817840436,1102,"Missouri","04000US29",,0.008139893563362139
13,"$120-130k",2017,"2017","true","true",25286,3886.027781222433,1246,"Missouri","04000US29",,0.009208775832990696
14,"$130-140k",2017,"2017","true","true",14607,2959.354847318845,706,"Missouri","04000US29",,0.005319646784485293
15,"$140-150k",2017,"2017","true","true",11021,2572.2427183517702,536,"Missouri","04000US29",,0.004013680236312207
16,"$150-160k",2017,"2017","true","true",14081,2905.8627195678405,689,"Missouri","04000US29",,0.00512808560089939
17,"$160-170k",2017,"2017","true","true",5614,1837.6658449654378,266,"Missouri","04000US29",,0.0020445332407818466
18,"$170-180k",2017,"2017","true","true",4230,1595.5490831720538,209,"Missouri","04000US29",,0.0015405015333999307
19,"$180-190k",2017,"2017","true","true",5411,1804.2021344190828,274,"Missouri","04000US29",,0.0019706037345690367
20,"$190-200k",2017,"2017","true","true",3135,1373.8694561473628,149,"Missouri","04000US29",,0.0011417192215623598
21,"$200k+",2017,"2017","true","true",41073,4938.332296802005,2071,"Missouri","04000US29",,0.014958160633885425
1,"< $10K",2016,"2016","true","true",18779566,99097.14242391725,906288,"United States","01000US","united-states",0.13246462276977286
2,"$10-20k",2016,"2016","true","true",20981626,103804.17962481765,937538,"United States","01000US","united-states",0.14799719935947714
3,"$20-30k",2016,"2016","true","true",21069025,103982.5135197369,949599,"United States","01000US","united-states",0.14861368195366784
4,"$30-40k",2016,"2016","true","true",18408175,98260.3815831878,860163,"United States","01000US","united-states",0.1298449579321995
5,"$40-50k",2016,"2016","true","true",14671784,89041.78424517416,704613,"United States","01000US","united-states",0.10348973628674855
6,"$50-60k",2016,"2016","true","true",11359375,79362.68498660358,557483,"United States","01000US","united-states",0.0801251383698318
7,"$60-70k",2016,"2016","true","true",8718040,70226.77075263964,429170,"United States","01000US","united-states",0.061494066470534556
8,"$70-80k",2016,"2016","true","true",6190297,59735.93984457081,306131,"United States","01000US","united-states",0.04366423361103535
9,"$80-90k",2016,"2016","true","true",4677346,52214.299022827305,231989,"United States","01000US","united-states",0.0329923957483206
10,"$90-100k",2016,"2016","true","true",3112792,42837.96976057074,156637,"United States","01000US","united-states",0.021956568008055503
11,"$100-110k",2016,"2016","true","true",3344063,44363.78235550271,167259,"United States","01000US","united-states",0.023587874385028653
12,"$110-120k",2016,"2016","true","true",1624938,31116.439288317135,82259,"United States","01000US","united-states",0.011461755782549458
13,"$120-130k",2016,"2016","true","true",1795586,32689.632003432853,91189,"United States","01000US","united-states",0.012665448293144015
14,"$130-140k",2016,"2016","true","true",964087,24024.322728183335,49450,"United States","01000US","united-states",0.006800339303487738
15,"$140-150k",2016,"2016","true","true",759257,21335.513273431592,39177,"United States","01000US","united-states",0.005355538679131852
16,"$150-160k",2016,"2016","true","true",1041756,24966.417764834376,52982,"United States","01000US","united-states",0.007348189812168583
17,"$160-170k",2016,"2016","true","true",464757,16709.93263496724,24199,"United States","01000US","united-states",0.00327823660486144
18,"$170-180k",2016,"2016","true","true",385727,15227.309045064318,19849,"United States","01000US","united-states",0.002720786068597974
19,"$180-190k",2016,"2016","true","true",355689,14623.9431056147,18519,"United States","01000US","united-states",0.00250890831067969
20,"$190-200k",2016,"2016","true","true",216189,11406.70393407657,11131,"United States","01000US","united-states",0.0015249231176042316
21,"$200k+",2016,"2016","true","true",2850351,41031.14276772075,151272,"United States","01000US","united-states",0.020105399133102695
1,"< $10K",2016,"2016","true","true",388198,14159.869135907207,19281,"Missouri","04000US29",,0.14312855864521964
2,"$10-20k",2016,"2016","true","true",415587,14564.288302784444,19424,"Missouri","04000US29",,0.1532268798440252
3,"$20-30k",2016,"2016","true","true",433514,14816.929385658597,20760,"Missouri","04000US29",,0.15983656271419158
4,"$30-40k",2016,"2016","true","true",399031,14322.583359859298,19503,"Missouri","04000US29",,0.1471226845186236
5,"$40-50k",2016,"2016","true","true",299864,12679.300512626882,14436,"Missouri","04000US29",,0.11055982284707841
6,"$50-60k",2016,"2016","true","true",216691,10962.61442307838,10607,"Missouri","04000US29",,0.07989394716456882
7,"$60-70k",2016,"2016","true","true",154599,9374.191026141032,7402,"Missouri","04000US29",,0.05700063379510536
8,"$70-80k",2016,"2016","true","true",105826,7829.4015581184985,5068,"Missouri","04000US29",,0.03901803421756169
9,"$80-90k",2016,"2016","true","true",73911,6583.088586969098,3540,"Missouri","04000US29",,0.027250977331224863
10,"$90-100k",2016,"2016","true","true",45709,5204.570182241298,2260,"Missouri","04000US29",,0.01685290312447345
11,"$100-110k",2016,"2016","true","true",45793,5209.268186657411,2190,"Missouri","04000US29",,0.016883873914962322
12,"$110-120k",2016,"2016","true","true",21239,3563.9750736820215,1038,"Missouri","04000US29",,0.00783081689515613
13,"$120-130k",2016,"2016","true","true",22691,3682.792448596246,1139,"Missouri","04000US29",,0.00836616913074946
14,"$130-140k",2016,"2016","true","true",12468,2735.0964067622685,602,"Missouri","04000US29",,0.004596950188276597
15,"$140-150k",2016,"2016","true","true",9643,2406.619475393346,467,"Missouri","04000US29",,0.0035553730081449493
16,"$150-160k",2016,"2016","true","true",13452,2840.458915858655,631,"Missouri","04000US29",,0.004959750876860506
17,"$160-170k",2016,"2016","true","true",5409,1803.8472585977927,268,"Missouri","04000US29",,0.00199429768755118
18,"$170-180k",2016,"2016","true","true",4364,1620.5687385536353,204,"Missouri","04000US29",,0.0016090063058741635
19,"$180-190k",2016,"2016","true","true",3927,1537.4131001494425,198,"Missouri","04000US29",,0.0014478844553546838
20,"$190-200k",2016,"2016","true","true",2851,1310.2223095325444,142,"Missouri","04000US29",,0.001051163377187727
21,"$200k+",2016,"2016","true","true",37466,4719.249118485423,1852,"Missouri","04000US29",,0.013813709957809672
1,"< $10K",2015,"2015","true","true",18945648,99344.28471402325,917319,"United States","01000US","united-states",0.13577506431071076
2,"$10-20k",2015,"2015","true","true",21106011,103912.03062176837,949586,"United States","01000US","united-states",0.15125742866475558
3,"$20-30k",2015,"2015","true","true",20638689,102957.73257811854,938772,"United States","01000US","united-states",0.1479083389633207
4,"$30-40k",2015,"2015","true","true",18489784,98327.13710575028,869102,"United States","01000US","united-states",0.1325080890181825
5,"$40-50k",2015,"2015","true","true",14156964,87564.75371202904,680742,"United States","01000US","united-states",0.1014566879710009
6,"$50-60k",2015,"2015","true","true",11334598,79228.45969214762,555768,"United States","01000US","united-states",0.0812300414525834
7,"$60-70k",2015,"2015","true","true",8553667,69568.7592880117,420051,"United States","01000US","united-states",0.06130034121912349
8,"$70-80k",2015,"2015","true","true",5759646,57692.48767235167,283744,"United States","01000US","united-states",0.04127683075590384
9,"$80-90k",2015,"2015","true","true",4531495,51407.50901819322,223105,"United States","01000US","united-states",0.03247521673835935
10,"$90-100k",2015,"2015","true","true",3135698,42983.96174367425,156215,"United States","01000US","united-states",0.022472158123541995
11,"$100-110k",2015,"2015","true","true",3161280,43154.89643753222,156633,"United States","01000US","united-states",0.02265549298203808
12,"$110-120k",2015,"2015","true","true",1533674,30237.186074341338,77254,"United States","01000US","united-states",0.010991161979873426
13,"$120-130k",2015,"2015","true","true",1603084,30906.066953934005,80929,"United States","01000US","united-states",0.011488592693977607
14,"$130-140k",2015,"2015","true","true",985429,24285.579151599737,49952,"United States","01000US","united-states",0.0070621329947985634
15,"$140-150k",2015,"2015","true","true",640140,19598.090765860346,32859,"United States","01000US","united-states",0.004587599730970321
16,"$150-160k",2015,"2015","true","true",913926,23393.93866828958,46247,"United States","01000US","united-states",0.006549702677112477
17,"$160-170k",2015,"2015","true","true",517998,17637.26306832002,26208,"United States","01000US","united-states",0.0037122621386621118
18,"$170-180k",2015,"2015","true","true",358502,14681.212743992415,18416,"United States","01000US","united-states",0.0025692249800861092
19,"$180-190k",2015,"2015","true","true",345479,14412.7643240091,17810,"United States","01000US","united-states",0.002475894909638353
20,"$190-200k",2015,"2015","true","true",192733,10770.916555679796,9817,"United States","01000US","united-states",0.0013812320101057626
21,"$200k+",2015,"2015","true","true",2632576,39457.473047878695,138448,"United States","01000US","united-states",0.018866505685254668
1,"< $10K",2015,"2015","true","true",396181,14265.33866760867,19776,"Missouri","04000US29",,0.14784026067704534
2,"$10-20k",2015,"2015","true","true",416904,14567.122127463355,19703,"Missouri","04000US29",,0.15557332642732213
3,"$20-30k",2015,"2015","true","true",429543,14744.933279422512,20724,"Missouri","04000US29",,0.16028973901322902
4,"$30-40k",2015,"2015","true","true",397288,14281.791837547577,19469,"Missouri","04000US29",,0.1482533525935418
5,"$40-50k",2015,"2015","true","true",288298,12453.16287647407,13976,"Missouri","04000US29",,0.10758227040840125
6,"$50-60k",2015,"2015","true","true",216474,10951.845780302265,10487,"Missouri","04000US29",,0.08078018024539974
7,"$60-70k",2015,"2015","true","true",150889,9264.43815743413,7179,"Missouri","04000US29",,0.056306256719274
8,"$70-80k",2015,"2015","true","true",96964,7505.4583079723825,4597,"Missouri","04000US29",,0.03618341878153931
9,"$80-90k",2015,"2015","true","true",72519,6521.4380076491925,3409,"Missouri","04000US29",,0.027061438746529113
10,"$90-100k",2015,"2015","true","true",46229,5233.03114660705,2263,"Missouri","04000US29",,0.0172509721840248
11,"$100-110k",2015,"2015","true","true",41780,4979.053759341626,2012,"Missouri","04000US29",,0.015590768086018648
12,"$110-120k",2015,"2015","true","true",21317,3570.2904460005975,995,"Missouri","04000US29",,0.007954724827421242
13,"$120-130k",2015,"2015","true","true",20086,3466.4725106851292,990,"Missouri","04000US29",,0.007495360645662292
14,"$130-140k",2015,"2015","true","true",13587,2854.5179088366494,630,"Missouri","04000US29",,0.005070171517107118
15,"$140-150k",2015,"2015","true","true",8462,2254.8855133635057,394,"Missouri","04000US29",,0.0031577089407345575
16,"$150-160k",2015,"2015","true","true",11797,2660.7404406784735,540,"Missouri","04000US29",,0.004402208978237482
17,"$160-170k",2015,"2015","true","true",5904,1884.382211353119,290,"Missouri","04000US29",,0.0022031568879811894
18,"$170-180k",2015,"2015","true","true",4364,1620.5529295912252,203,"Missouri","04000US29",,0.001628485206495581
19,"$180-190k",2015,"2015","true","true",4504,1646.298858458021,211,"Missouri","04000US29",,0.0016807280866306365
20,"$190-200k",2015,"2015","true","true",2518,1231.3981265465775,130,"Missouri","04000US29",,0.0009396255155719233
21,"$200k+",2015,"2015","true","true",34183,4510.161897019733,1684,"Missouri","04000US29",,0.012755845511832826
1,"< $10K",2014,"2014","true","true",18869684,99047.69181667948,913396,"United States","01000US","united-states",0.13746927588547378
2,"$10-20k",2014,"2014","true","true",20872558,103286.84344866907,946567,"United States","01000US","united-states",0.15206059805440053
3,"$20-30k",2014,"2014","true","true",20178617,101857.65498697881,926864,"United States","01000US","united-states",0.14700510445009632
4,"$30-40k",2014,"2014","true","true",18265335,97697.05623166784,865039,"United States","01000US","united-states",0.1330664772264125
5,"$40-50k",2014,"2014","true","true",14243253,87718.32751780639,689133,"United States","01000US","united-states",0.10376483655813219
6,"$50-60k",2014,"2014","true","true",10812566,77485.92077409594,533898,"United States","01000US","united-states",0.07877162216833593
7,"$60-70k",2014,"2014","true","true",8405476,68965.8736093404,415355,"United States","01000US","united-states",0.06123550872355513
8,"$70-80k",2014,"2014","true","true",5730617,57532.7550182702,283801,"United States","01000US","united-states",0.04174864663165457
9,"$80-90k",2014,"2014","true","true",4467110,51039.18703324813,221541,"United States","01000US","united-states",0.0325437552107793
10,"$90-100k",2014,"2014","true","true",3124334,42899.65487843679,156630,"United States","01000US","united-states",0.02276137388439392
11,"$100-110k",2014,"2014","true","true",3068228,42521.60913291079,152927,"United States","01000US","united-states",0.022352630887275876
12,"$110-120k",2014,"2014","true","true",1403157,28933.217484444198,71245,"United States","01000US","united-states",0.010222268520428521
13,"$120-130k",2014,"2014","true","true",1448708,29394.170629136544,73450,"United States","01000US","united-states",0.010554116313208687
14,"$130-140k",2014,"2014","true","true",1042306,24969.922795405237,53228,"United States","01000US","united-states",0.007593399607067327
15,"$140-150k",2014,"2014","true","true",635897,19532.590540820263,32934,"United States","01000US","united-states",0.004632631904580125
16,"$150-160k",2014,"2014","true","true",794760,21823.873076888005,40321,"United States","01000US","united-states",0.005789979403085878
17,"$160-170k",2014,"2014","true","true",569029,18481.6144906857,28987,"United States","01000US","united-states",0.004145485668325726
18,"$170-180k",2014,"2014","true","true",331307,14114.494110918475,17167,"United States","01000US","united-states",0.0024136351931377687
19,"$180-190k",2014,"2014","true","true",318190,13832.926646771222,16501,"United States","01000US","united-states",0.002318075326221621
20,"$190-200k",2014,"2014","true","true",212113,11298.546781996414,10960,"United States","01000US","united-states",0.0015452839865201505
21,"$200k+",2014,"2014","true","true",2471492,38248.01810874678,130494,"United States","01000US","united-states",0.01800529439691419
1,"< $10K",2014,"2014","true","true",393539,14211.201777501898,19799,"Missouri","04000US29",,0.1486182890008818
2,"$10-20k",2014,"2014","true","true",414821,14521.372781658847,19863,"Missouri","04000US29",,0.15665534359144784
3,"$20-30k",2014,"2014","true","true",422930,14635.973678756985,20643,"Missouri","04000US29",,0.15971767211672272
4,"$30-40k",2014,"2014","true","true",397927,14276.29648832715,19605,"Missouri","04000US29",,0.15027539808571422
5,"$40-50k",2014,"2014","true","true",287155,12422.458292719597,14174,"Missouri","04000US29",,0.10844283483478948
6,"$50-60k",2014,"2014","true","true",204782,10671.922554152381,9961,"Missouri","04000US29",,0.07733503022109264
7,"$60-70k",2014,"2014","true","true",148692,9197.491311607657,7072,"Missouri","04000US29",,0.05615288606242105
8,"$70-80k",2014,"2014","true","true",96175,7474.329910423309,4569,"Missouri","04000US29",,0.036320069788914965
9,"$80-90k",2014,"2014","true","true",72609,6524.279353361835,3407,"Missouri","04000US29",,0.02742047254799404
10,"$90-100k",2014,"2014","true","true",47082,5279.666952742073,2295,"Missouri","04000US29",,0.0177803121996537
11,"$100-110k",2014,"2014","true","true",40429,4898.694092709045,1942,"Missouri","04000US29",,0.015267835731697876
12,"$110-120k",2014,"2014","true","true",20568,3507.337292039928,945,"Missouri","04000US29",,0.007767415600919189
13,"$120-130k",2014,"2014","true","true",18836,3357.5225551427743,909,"Missouri","04000US29",,0.007113333345921522
14,"$130-140k",2014,"2014","true","true",14577,2956.0389383889487,667,"Missouri","04000US29",,0.00550494054913453
15,"$140-150k",2014,"2014","true","true",8515,2261.87025602546,389,"Missouri","04000US29",,0.0032156526566426923
16,"$150-160k",2014,"2014","true","true",10327,2490.080164791823,465,"Missouri","04000US29",,0.0038999465631414077
17,"$160-170k",2014,"2014","true","true",6373,1957.5978166034233,315,"Missouri","04000US29",,0.0024067356877021584
18,"$170-180k",2014,"2014","true","true",4055,1562.2027714840658,194,"Missouri","04000US29",,0.0015313530854593209
19,"$180-190k",2014,"2014","true","true",4400,1627.1964048800608,208,"Missouri","04000US29",,0.0016616408325575863
20,"$190-200k",2014,"2014","true","true",2501,1227.2312733623587,129,"Missouri","04000US29",,0.0009444917550514826
21,"$200k+",2014,"2014","true","true",31692,4344.4520832254375,1565,"Missouri","04000US29",,0.011968345742139778